cp;nome;"1981";"1986";"1991";"1996";"1998";"1999";"2000";"2001";"2002";"2003";"2004";"2005";"2006";"2007";"2008";"2009";"2010";"2011";"2012";"2013";"2014";"2015";"2016";"2017";"2018";"2019"
;Galicia;2811912;2844472;2731669;2742622;2724544;2730337;2731900;2732926;2737370;2751094;2750985;2762198;2767524;2772533;2784169;2796089;2797653;2795422;2781498;2765940;2748695;2732347;2718525;2708339;2701743;2699499
;A Coru�a;1093121;1109788;1096966;1110302;1106325;1108980;1108419;1108002;1111886;1120814;1121344;1126707;1129141;1132792;1139121;1145488;1146458;1147124;1143911;1138161;1132735;1127196;1122799;1120294;1119351;1119596
1501;Arz�a;22760;21935;20325;19918;19719;19500;19283;19184;19108;18823;18692;18496;18275;18084;17880;17718;17549;17364;17226;17057;16909;16828;16678;16500;16351;16241
15006;Arz�a;7377;7364;7016;7014;6947;6896;6886;6832;6776;6676;6632;6602;6532;6529;6484;6490;6409;6328;6315;6276;6261;6219;6211;6123;6053;6041
15010;Boimorto;3464;3291;2999;2722;2691;2666;2598;2582;2551;2500;2486;2461;2410;2370;2348;2288;2271;2211;2200;2154;2115;2125;2111;2040;2022;1985
15066;Pino, O;6027;5691;5281;5056;5004;4990;4934;4945;5016;4948;4940;4901;4885;4832;4782;4710;4718;4743;4732;4708;4680;4706;4653;4644;4656;4641
15085;Touro;5892;5589;5029;5126;5077;4948;4865;4825;4765;4699;4634;4532;4448;4353;4266;4230;4151;4082;3979;3919;3853;3778;3703;3693;3620;3574
1502;Barbanza;64612;66395;66084;66862;66487;66579;66353;66323;66160;66469;66499;66832;66854;67205;67672;68048;68264;68311;68336;68199;67776;67331;66940;66672;66405;66095
15011;Boiro;17288;17748;17665;17932;17845;17915;18038;18074;18064;18241;18302;18469;18554;18547;18730;18883;19076;19106;19165;19144;19060;18950;18871;18885;18844;18838
15067;Pobra do Carami�al, A;10067;10320;10390;10165;10082;10066;9955;10035;10006;10010;9992;9951;10001;9923;9934;9878;9858;9726;9664;9646;9672;9623;9525;9440;9390;9338
15072;Rianxo;12715;13195;12744;12193;12147;12147;11882;11780;11747;11629;11582;11528;11246;11554;11578;11769;11826;11780;11729;11598;11479;11386;11295;11188;11104;11033
15073;Ribeira;24542;25132;25285;26572;26413;26451;26478;26434;26343;26589;26623;26884;27053;27181;27430;27518;27504;27699;27778;27811;27565;27372;27249;27159;27067;26886
1503;A Barcala;16132;14699;12543;12543;12173;12023;11912;11800;11714;11565;11385;11321;11133;11126;11101;11356;11349;11179;11046;10940;10763;10634;10556;10424;10382;10277
15007;Ba�a, A;8361;7489;5864;5836;5578;5429;5324;5230;5141;5036;4888;4802;4652;4673;4528;4415;4320;4102;3967;3849;3754;3698;3645;3541;3505;3450
15056;Negreira;7771;7210;6679;6707;6595;6594;6588;6570;6573;6529;6497;6519;6481;6453;6573;6941;7029;7077;7079;7091;7009;6936;6911;6883;6877;6827
1504;Berganti�os;75645;77360;71643;71225;70588;70888;70819;70815;70449;70406;70698;70458;70213;69960;70288;70374;70246;70209;69834;69438;68928;68428;67890;67357;67173;66927
15014;Cabana de Berganti�os;6991;7167;6291;6009;5804;5785;5733;5689;5592;5447;5354;5294;5199;5091;5045;4985;4909;4865;4759;4716;4623;4552;4446;4347;4337;4248
15019;Carballo;25713;26962;26033;27287;27497;27980;28271;28497;28527;28949;29521;29689;29985;30091;30653;30990;31149;31303;31358;31366;31288;31283;31256;31195;31261;31349
15029;Coristanco;10314;10271;9334;8416;8240;8218;8146;8098;8001;7860;7765;7646;7582;7528;7376;7285;7165;7102;6974;6875;6706;6551;6426;6313;6177;6074
15041;Laracha, A;11710;12007;10521;10791;10706;10669;10701;10666;10683;10782;10800;10806;10803;10871;11079;11171;11213;11337;11367;11375;11443;11402;11295;11281;11302;11347
15040;Laxe;3654;3786;3479;3616;3541;3541;3551;3575;3557;3544;3558;3539;3489;3453;3434;3413;3417;3366;3313;3267;3207;3185;3148;3090;3084;3016
15043;Malpica de Berganti�os;8549;8560;7950;7443;7377;7325;7262;7172;7070;6944;6890;6786;6567;6432;6320;6228;6178;6102;5998;5875;5768;5666;5616;5518;5447;5391
15068;Ponteceso;8714;8607;8035;7663;7423;7370;7155;7118;7019;6880;6810;6698;6588;6494;6381;6302;6215;6134;6065;5964;5893;5789;5703;5613;5565;5502
1505;Betanzos;44042;42292;40243;39619;39308;39213;39095;39142;39175;39171;39285;39238;39182;39261;39460;39597;39621;39632;39419;39065;38768;38452;38079;37975;38011;38083
15003;Aranga;2723;2676;2506;2466;2448;2444;2423;2414;2379;2307;2274;2264;2230;2219;2181;2142;2126;2113;2072;2051;2033;1997;1982;1935;1894;1849
15009;Betanzos;11383;11667;11930;12299;12296;12315;12361;12423;12575;12822;12990;13059;13165;13328;13522;13680;13673;13537;13565;13445;13352;13202;12966;12941;12916;12959
15026;Cesuras;3740;3333;2977;2794;2733;2703;2646;2595;2555;2509;2463;2427;2391;2323;2274;2219;2209;2225;2174;2131;-;-;-;-;-;-
15027;Coir�s;1606;1628;1597;1565;1553;1549;1552;1556;1577;1602;1650;1654;1654;1660;1713;1713;1722;1771;1765;1751;1747;1757;1789;1801;1824;1824
15032;Curtis;5084;5118;4660;4622;4523;4444;4468;4432;4451;4438;4421;4369;4287;4244;4245;4246;4228;4214;4159;4112;4048;4015;3980;3968;3958;3983
15039;Irixoa;2138;2041;1914;1808;1768;1758;1719;1722;1673;1632;1619;1579;1552;1562;1550;1526;1501;1502;1492;1442;1421;1389;1369;1361;1333;1334
15048;Mi�o;5476;5266;5074;4817;4870;4888;4870;4986;5044;5096;5089;5127;5162;5256;5326;5488;5628;5760;5739;5786;5838;5859;5832;5905;6056;6200
15063;Oza dos R�os;3744;3473;3338;3263;3240;3221;3208;3219;3160;3125;3154;3163;3184;3203;3206;3202;3198;3229;3227;3204;-;-;-;-;-;-
15902;Oza-Cesuras;-;-;-;-;-;-;-;-;-;-;-;-;-;-;-;-;-;-;-;-;5275;5253;5181;5133;5155;5101
15064;Paderne;3690;3075;2903;2802;2758;2755;2753;2758;2751;2680;2689;2715;2735;2710;2722;2672;2653;2628;2597;2534;2502;2467;2445;2441;2419;2394
15091;Vilarmaior;1929;1612;1448;1435;1412;1429;1417;1398;1388;1350;1362;1343;1326;1287;1289;1294;1277;1273;1261;1247;1236;1233;1260;1249;1231;1226
15090;Vilasantar;2529;2403;1896;1748;1707;1707;1678;1639;1622;1610;1574;1538;1496;1469;1432;1415;1406;1380;1368;1362;1316;1280;1275;1241;1225;1213
1506;A Coru�a;309363;321930;335347;347605;350446;354520;356636;358302;364732;370849;373422;377906;380987;384616;389289;393470;395412;396864;398025;398412;397254;396728;397520;398730;400995;403386
15001;Abegondo;6274;6165;5466;5467;5451;5480;5594;5694;5772;5761;5732;5756;5773;5808;5822;5798;5765;5709;5709;5664;5585;5586;5533;5467;5454;5406
15005;Arteixo;15448;16904;17931;20898;21290;21679;22153;22709;23560;24668;25295;26272;26739;27713;28961;29762;30255;30482;30725;31005;30857;30950;31239;31534;31917;32262
15008;Bergondo;5293;5568;5392;5732;5817;5941;6119;6179;6264;6391;6413;6495;6539;6540;6683;6696;6758;6722;6712;6738;6702;6700;6656;6623;6602;6633
15017;Cambre;9181;10685;12330;14972;16401;17074;17805;18691;19504;20297;20919;21523;22092;22513;22900;23231;23621;23649;23879;23999;24029;24076;24141;24348;24603;24648
15021;Carral;6001;5623;5229;5184;5212;5290;5275;5282;5290;5373;5453;5527;5579;5647;5672;5770;5945;6064;6130;6123;6118;6180;6172;6237;6294;6408
15030;Coru�a, A;231721;239150;246953;243785;243134;243402;241769;239434;242458;243902;242846;243349;243320;244388;245164;246056;246047;246028;246146;245923;244810;243870;243978;244099;244850;245711
15031;Culleredo;12614;13348;14631;18513;18743;19867;20890;22076;22745;23851;24640;25650;26547;26707;27670;28227;28737;29207;29416;29415;29434;29593;29638;29982;30221;30402
15058;Oleiros;15039;16280;18480;23057;24102;25166;26016;26886;27453;28643;29671;30467;31264;31694;32381;33443;33550;34133;34386;34470;34563;34693;35013;35198;35559;36075
15075;Sada;7792;8207;8935;9997;10296;10621;11015;11351;11686;11963;12453;12867;13134;13606;14036;14487;14734;14870;14922;15075;15156;15080;15150;15242;15495;15841
1507;Eume;29925;30426;29990;29260;28992;28944;28976;28842;28690;28256;27989;27760;27560;27309;27024;26940;26719;26391;26124;25539;25490;25184;25000;24834;24639;24360
15015;Cabanas;3528;3281;3074;3226;3249;3271;3262;3292;3334;3330;3368;3368;3343;3272;3287;3336;3375;3346;3299;3287;3294;3299;3259;3314;3318;3281
15018;Capela, A;3244;1839;1741;1642;1619;1601;1595;1559;1534;1520;1526;1514;1487;1471;1439;1417;1399;1386;1376;1366;1356;1334;1318;1274;1238;1232
15050;Monfero;3587;3327;3008;2847;2758;2758;2695;2639;2595;2552;2490;2444;2414;2400;2353;2299;2239;2178;2129;2109;2089;2037;2019;1985;1962;1932
15069;Pontedeume;8408;8608;8817;8881;8893;8857;8936;8912;8860;8746;8694;8663;8619;8635;8561;8457;8370;8342;8324;8213;8117;8011;8005;7937;7884;7777
15070;Pontes de Garc�a Rodr�guez, As;11158;13371;13350;12664;12473;12457;12488;12440;12367;12108;11911;11771;11697;11531;11384;11431;11336;11139;10996;10564;10634;10503;10399;10324;10237;10138
1508;Ferrol;174261;173353;169170;167396;166592;165744;164108;162261;160969;164489;163853;163669;163477;162929;163158;163276;162980;162531;161541;160666;159422;158029;156159;154802;153581;152494
15004;Ares;4708;4804;4511;4576;4662;4662;4744;4918;4976;5188;5265;5301;5405;5598;5682;5673;5705;5801;5839;5801;5741;5743;5672;5658;5671;5732
15022;Cedeira;8074;7856;7673;7750;7699;7553;7528;7595;7572;7498;7477;7429;7443;7482;7511;7465;7412;7338;7254;7246;7147;7062;6997;6888;6794;6640
15035;Fene;15097;15757;14989;15010;14912;14875;14848;14690;14638;14530;14485;14355;14346;14222;14169;14165;14092;13902;13780;13639;13498;13385;13250;13110;13013;12944
15036;Ferrol;87691;86154;83045;83048;82548;81991;81255;80347;79520;78764;77859;77155;76399;75181;74696;74273;73638;72963;71997;71232;70389;69452;68308;67569;66799;66065
15049;Moeche;2088;1907;1763;1601;1583;1569;1561;1536;1490;1478;1461;1469;1437;1441;1435;1416;1401;1363;1358;1335;1303;1246;1220;1230;1226;1226
15051;Mugardos;7079;6958;6668;6200;6110;6056;5984;5921;5859;5737;5612;5628;5638;5636;5605;5565;5536;5481;5456;5470;5417;5362;5335;5303;5307;5245
15054;Nar�n;29152;30060;31594;31207;31086;31108;30328;29466;29263;33825;34404;35083;35664;36245;37008;37712;38285;38910;39238;39450;39574;39565;39426;39280;39115;39080
15055;Neda;6935;6809;6456;6221;6214;6192;6166;6155;6074;5913;5804;5771;5675;5649;5553;5528;5489;5442;5422;5413;5327;5261;5197;5165;5112;5079
15076;San Sadurni�o;4398;4075;3781;3504;3503;3487;3431;3389;3337;3272;3229;3179;3182;3123;3125;3119;3098;3099;3061;3020;3019;3009;2944;2877;2828;2822
15081;Somozas, As;2004;1827;1682;1543;1506;1486;1473;1449;1403;1407;1403;1411;1392;1374;1388;1382;1342;1306;1279;1249;1211;1191;1160;1128;1103;1098
15087;Valdovi�o;7035;7146;7008;6736;6769;6765;6790;6795;6837;6877;6854;6888;6896;6978;6986;6978;6982;6926;6857;6811;6796;6753;6650;6594;6613;6563
1509;Fisterra;26825;27496;26441;26326;25747;25609;25275;25175;24904;24782;24466;24326;24126;23966;23871;23793;23744;23677;23136;22747;22461;22255;22000;21770;21631;21483
15023;Cee;7531;7746;7109;7352;7326;7352;7364;7320;7239;7308;7344;7467;7489;7555;7691;7712;7818;7898;7855;7808;7760;7723;7631;7539;7576;7546
15028;Corcubi�n;2114;2098;2102;2015;1949;1929;1945;2001;2002;1997;1964;1927;1912;1887;1822;1815;1803;1767;1731;1654;1672;1655;1606;1592;1578;1589
15034;Dumbr�a;4778;5092;5028;4928;4755;4611;4529;4488;4428;4307;4166;4067;3970;3890;3820;3751;3705;3652;3291;3216;3137;3077;3085;3053;3040;2983
15037;Fisterra;5322;5516;5477;5397;5295;5295;5224;5175;5132;5141;5093;5042;5009;4971;4959;5005;4995;4983;4990;4907;4824;4775;4737;4734;4701;4708
15052;Mux�a;7080;7044;6725;6634;6422;6422;6213;6191;6103;6029;5899;5823;5746;5663;5579;5510;5423;5377;5269;5162;5068;5025;4941;4852;4736;4657
1510;Muros;19515;19235;18050;17205;16785;16534;16164;15971;15782;15516;15335;15239;15111;14948;14781;14725;14608;14399;14042;13785;13493;13244;13004;12852;12726;12513
15020;Carnota;7213;7199;6795;6140;5930;5864;5645;5593;5510;5421;5285;5244;5112;5017;4958;4938;4904;4834;4605;4504;4376;4284;4170;4060;4031;3957
15053;Muros;12302;12036;11255;11065;10855;10670;10519;10378;10272;10095;10050;9995;9999;9931;9823;9787;9704;9565;9437;9281;9117;8960;8834;8792;8695;8556
1511;Noia;40370;40519;39542;38752;38166;37754;37535;37292;36909;36920;36482;36370;36276;36144;35969;35949;35832;35623;35269;34775;34459;34062;33758;33527;33312;33054
15042;Lousame;5014;5028;4667;4461;4329;4219;4199;4117;4035;3957;3912;3854;3798;3756;3702;3687;3699;3657;3621;3493;3513;3463;3429;3447;3386;3338
15057;Noia;14126;14200;14893;14422;14473;14420;14404;14410;14391;14586;14481;14637;14702;14808;14875;14970;14947;14876;14757;14659;14571;14472;14337;14295;14271;14263
15062;Outes;10128;10115;9273;9283;8948;8739;8634;8553;8398;8243;8050;7889;7751;7681;7547;7425;7313;7243;7192;7010;6804;6691;6606;6514;6412;6282
15071;Porto do Son;11102;11176;10709;10586;10416;10376;10298;10212;10085;10134;10039;9990;10025;9899;9845;9867;9873;9847;9699;9613;9571;9436;9386;9271;9243;9171
1512;Ordes;41224;42316;39644;38074;38007;37912;38161;38193;38189;38454;38442;38396;38351;38412;38608;38832;38734;38683;38411;38153;37687;37313;36960;36702;36583;36456
15024;Cerceda;7201;7440;7015;5654;5658;5513;5573;5503;5492;5471;5499;5500;5483;5587;5597;5570;5486;5392;5318;5265;5156;5076;5031;4992;5023;5001
15038;Frades;3655;3609;3333;3179;3150;3096;3083;3055;3019;2975;2920;2871;2841;2817;2732;2706;2648;2607;2566;2509;2485;2460;2428;2422;2385;2339
15047;Mes�a;4410;4252;3684;3521;3489;3483;3409;3356;3304;3240;3216;3174;3102;3080;3033;2975;2918;2922;2879;2849;2795;2734;2700;2637;2582;2530
15059;Ordes;11076;11842;11704;11893;11861;11946;11942;11938;12015;12266;12287;12272;12294;12359;12534;12757;12868;12948;12963;12939;12844;12776;12669;12580;12632;12674
15060;Oroso;3657;4056;3779;4537;4732;4904;5236;5512;5648;5933;6155;6345;6526;6554;6804;6987;7050;7174;7328;7431;7400;7413;7420;7452;7452;7500
15084;Tordoia;6220;6096;5847;5334;5205;5106;5100;5029;4945;4841;4713;4617;4548;4467;4399;4339;4268;4168;3924;3817;3706;3591;3522;3433;3361;3299
15086;Trazo;5005;5021;4282;3956;3912;3864;3818;3800;3766;3728;3652;3617;3557;3548;3509;3498;3496;3472;3433;3343;3301;3263;3190;3186;3148;3113
1513;Ortegal;21614;20904;19589;18049;17688;17392;17169;16923;16677;16271;16016;15810;15337;15218;14940;14721;14364;14347;13772;13166;12942;12990;12776;12531;12238;11978
15901;Cari�o;-;-;5514;5316;5199;5110;5036;4967;4861;4812;4798;4788;4700;4680;4617;4590;4530;4474;4373;4337;4241;4167;4072;4004;3945;3838
15025;Cerdido;2195;2140;1908;1768;1707;1692;1668;1638;1619;1589;1558;1522;1496;1439;1384;1359;1361;1328;1312;1258;1249;1233;1191;1170;1126;1113
15044;Ma��n;2976;2515;2242;2072;2034;1987;1932;1921;1898;1848;1830;1803;1765;1693;1628;1622;1602;1589;1537;1507;1455;1454;1420;1391;1363;1356
15061;Ortigueira;16443;16249;9925;8893;8748;8603;8533;8397;8299;8022;7830;7697;7376;7406;7311;7150;6871;6956;6550;6064;5997;6136;6093;5966;5804;5671
1514;Santiago;127648;131034;131432;141897;142475;143821;145404;146555;147946;148979;150286;152842;154855;156833;158875;161031;161893;163576;164519;164621;165083;165361;165887;166692;167142;168601
15002;Ames;9527;9550;10011;13288;14189;15318;16549;17737;18788;20016;20840;22228;23219;24553;25818;26983;27900;28852;29331;29689;29975;30267;30544;30835;31278;31793
15012;Boqueix�n;5511;5023;4230;4314;4275;4245;4291;4266;4261;4263;4337;4378;4406;4437;4445;4462;4444;4430;4417;4370;4342;4321;4291;4242;4215;4220
15013;Bri�n;6790;7044;6375;6378;6275;6275;6239;6292;6437;6576;6684;6849;6972;7087;7104;7205;7347;7462;7369;7435;7519;7564;7590;7699;7748;7837
15078;Santiago de Compostela;82404;86250;87807;93672;93584;93745;93903;93381;93273;92339;92298;92919;93458;93712;94339;95092;94824;95207;95671;96041;95800;95612;95966;96456;96405;97260
15082;Teo;11071;11234;12607;13915;13960;14071;14447;14894;15331;16028;16428;16809;17168;17441;17625;17807;17940;18266;18454;17942;18254;18505;18510;18478;18525;18579
15088;Val do Dubra;6554;6229;5351;5174;5091;5079;4892;4874;4802;4720;4642;4605;4580;4515;4481;4423;4386;4313;4234;4136;4120;4033;3974;3931;3925;3876
15089;Vedra;5791;5704;5051;5156;5101;5088;5083;5111;5054;5037;5057;5054;5052;5088;5063;5059;5052;5046;5043;5008;5073;5059;5012;5051;5046;5036
1515;O Sar;19505;19918;19176;18826;18156;18082;17756;17718;17578;17482;17354;17306;17208;17117;17052;16992;16938;16814;16730;16459;16373;16235;16091;15922;15741;15664
15033;Dodro;3542;3661;3514;3404;3313;3296;3280;3243;3213;3209;3162;3122;3087;3053;3024;3029;3017;2980;2977;2934;2913;2882;2853;2832;2791;2768
15065;Padr�n;9948;10161;10019;10066;9548;9548;9260;9295;9242;9136;9070;9035;9016;9030;9016;8968;8985;8924;8882;8707;8693;8643;8581;8463;8386;8384
15074;Rois;6015;6096;5643;5356;5295;5238;5216;5180;5123;5137;5122;5149;5105;5034;5012;4995;4936;4910;4871;4818;4767;4710;4657;4627;4564;4512
1516;Terra de Melide;16826;16386;15634;15390;15035;14930;14867;14820;14676;14544;13911;13854;13821;13709;13560;13427;13294;13137;12679;12379;12533;12371;12238;12153;12003;11872
15046;Melide;8014;8260;8304;8625;8439;8430;8441;8462;8383;8345;7809;7866;7931;7916;7901;7874;7838;7824;7502;7313;7578;7538;7488;7503;7443;7406
15079;Santiso;2892;2805;2480;2324;2319;2319;2282;2262;2286;2249;2212;2160;2116;2102;2035;1980;1930;1883;1838;1785;1742;1709;1672;1630;1610;1584
15080;Sobrado;3466;3127;2894;2706;2609;2541;2518;2468;2434;2400;2360;2316;2289;2244;2208;2168;2139;2087;2037;2016;1965;1911;1882;1847;1799;1758
15083;Toques;2454;2194;1956;1735;1668;1640;1626;1628;1573;1550;1530;1512;1485;1447;1416;1405;1387;1343;1302;1265;1248;1213;1196;1173;1151;1124
1517;Terra de Soneira;24195;24196;23660;23236;22353;22226;21791;21694;21388;21228;20886;20713;20399;20188;19966;19813;19649;19426;19168;18706;18386;17943;17620;17360;17041;16801
15016;Camari�as;7220;7444;7410;7349;7105;7063;6813;6747;6620;6597;6502;6467;6323;6275;6207;6224;6226;6168;6082;5874;5774;5577;5486;5419;5322;5272
15092;Vimianzo;9646;9668;9639;9379;8937;8937;8766;8787;8686;8653;8517;8466;8402;8364;8300;8204;8128;8039;7977;7849;7710;7520;7378;7270;7138;7057
15093;Zas;7329;7084;6611;6508;6311;6226;6212;6160;6082;5978;5867;5780;5674;5549;5459;5385;5295;5219;5109;4983;4902;4846;4756;4671;4581;4472
1518;Xallas;18659;19394;18453;18119;17608;17309;17115;16992;16840;16610;16343;16171;15976;15767;15627;15426;15262;14961;14634;14054;14008;13808;13643;13491;13397;13311
15045;Mazaricos;6757;7287;7014;7010;6648;6349;6185;6072;5948;5787;5639;5488;5329;5179;5050;4939;4854;4720;4533;4141;4289;4173;4087;4014;3947;3885
15077;Santa Comba;11902;12107;11439;11109;10960;10960;10930;10920;10892;10823;10704;10683;10647;10588;10577;10487;10408;10241;10101;9913;9719;9635;9556;9477;9450;9426
;Lugo;405365;404888;384365;370303;367751;366934;365619;364125;361782;360512;358452;357625;356595;355176;355549;355195;353504;351530;348902;346005;342748;339386;336527;333634;331327;329587
2701;Os Ancares;21407;20345;17001;15369;14979;14785;14519;14238;13924;13608;13367;13109;12818;12483;12289;12056;11837;11612;11330;11153;10951;10719;10474;10265;10019;9873
27901;Baralla;4484;4347;3868;3488;3450;3414;3344;3342;3279;3242;3193;3134;3100;3034;2998;2955;2916;2889;2834;2798;2774;2724;2660;2630;2566;2556
27006;Becerre�;5091;4740;4126;3897;3796;3779;3732;3639;3532;3442;3424;3389;3334;3264;3276;3250;3181;3121;3072;3048;3012;2987;2921;2856;2827;2818
27012;Cervantes;3218;3262;2604;2414;2329;2276;2243;2185;2135;2080;2031;1973;1914;1844;1780;1731;1695;1643;1593;1563;1528;1487;1458;1423;1377;1338
27034;Navia de Suarna;3773;3397;2303;2116;2073;2042;1974;1916;1869;1807;1732;1680;1615;1552;1490;1441;1421;1390;1337;1299;1254;1211;1186;1140;1103;1081
27037;Nogais, As;2321;2174;1956;1738;1662;1624;1596;1571;1547;1520;1501;1477;1441;1421;1409;1381;1361;1341;1295;1270;1228;1191;1161;1146;1114;1079
27045;Pedrafita do Cebreiro;2520;2425;2144;1716;1669;1650;1630;1585;1562;1517;1486;1456;1414;1368;1336;1298;1263;1228;1199;1175;1155;1119;1088;1070;1032;1001
2702;Chantada;21367;22384;19485;18247;17709;17415;17288;17118;16893;16659;16390;16144;15792;15573;15363;15230;15019;14835;14536;14287;14055;13876;13639;13499;13389;13141
27009;Carballedo;4581;5116;4197;3517;3363;3295;3238;3173;3121;3061;3055;3010;2929;2886;2799;2752;2664;2593;2532;2465;2401;2351;2280;2266;2235;2193
27016;Chantada;10358;11186;10184;10227;10002;9871;9823;9765;9695;9650;9463;9366;9249;9150;9086;9014;8951;8897;8783;8649;8553;8493;8431;8371;8324;8192
27060;Taboada;6428;6082;5104;4503;4344;4249;4227;4180;4077;3948;3872;3768;3614;3537;3478;3464;3404;3345;3221;3173;3101;3032;2928;2862;2830;2756
2703;A Fonsagrada;12557;11289;9510;8313;7981;7909;7632;7461;7224;7030;7020;6908;6753;6628;6500;6314;6152;6043;5859;5696;5563;5432;5316;5185;5075;4921
27004;Baleira;2728;2533;2185;2055;2002;1956;1923;1888;1845;1800;1778;1729;1684;1658;1641;1584;1533;1510;1448;1420;1392;1380;1333;1296;1268;1241
27018;Fonsagrada, A;9392;8366;6986;5948;5682;5682;5448;5334;5146;4993;5007;4949;4856;4748;4638;4520;4412;4309;4198;4059;3960;3838;3768;3670;3589;3465
27035;Negueira de Mu�iz;437;390;339;310;297;271;261;239;233;237;235;230;213;222;221;210;207;224;213;217;211;214;215;219;218;215
2704;Lugo;102058;104225;109351;109897;111055;111698;112386;112895;113284;114765;115034;115814;116840;117389;118631;119568;120328;120548;120737;120802;120320;119579;119394;118906;118758;118931
27011;Castroverde;4617;4310;3945;3650;3612;3575;3532;3488;3418;3372;3286;3236;3187;3148;3110;3061;3012;2933;2887;2840;2823;2802;2726;2676;2675;2617
27014;Corgo, O;5057;5261;4806;4556;4394;4325;4266;4243;4224;4183;4264;4236;4192;4095;4046;3993;3938;3882;3828;3761;3695;3646;3581;3523;3487;3481
27020;Friol;5878;5587;5152;4911;4910;4873;4837;4784;4729;4646;4580;4533;4490;4504;4430;4348;4246;4202;4137;4071;4004;3942;3894;3842;3772;3744
27023;Gunt�n;4394;4465;4005;3732;3663;3599;3554;3495;3453;3356;3329;3307;3248;3213;3187;3129;3075;3050;3018;2980;2927;2881;2833;2780;2718;2690
27028;Lugo;72574;75623;83242;85174;86620;87480;88235;88901;89509;91158;91426;92271;93450;93853;95416;96678;97635;98007;98457;98761;98560;98134;98268;97995;98025;98276
27039;Outeiro de Rei;5109;4526;4213;4115;4126;4134;4256;4320;4333;4428;4528;4645;4695;4979;4886;4852;4936;5004;5046;5098;5083;5068;5043;5063;5093;5151
27049;Portomar�n;2539;2475;2237;2171;2141;2138;2099;2063;2035;1996;1991;1918;1910;1898;1838;1796;1763;1737;1690;1654;1624;1557;1528;1508;1487;1471
27056;R�bade;1890;1978;1751;1588;1589;1574;1607;1601;1583;1626;1630;1668;1668;1699;1718;1711;1723;1733;1674;1637;1604;1549;1521;1519;1501;1501
2705;A Mari�a Central;25191;25442;24281;30975;30638;30461;30494;30457;30323;30286;30188;30359;30357;30421;30566;30717;30701;30530;30323;30106;29860;29542;29373;29185;29149;28955
27002;Alfoz;2916;2835;2690;2553;2506;2485;2462;2421;2398;2348;2312;2266;2216;2159;2133;2107;2078;2059;2009;1946;1903;1846;1818;1782;1757;1688
27902;Burela;-;-;-;7925;7915;7939;8045;8105;8176;8380;8348;8621;8755;8873;9171;9381;9536;9575;9631;9672;9660;9580;9552;9524;9566;9588
27019;Foz;8795;9741;9785;9516;9520;9527;9558;9659;9612;9591;9619;9664;9754;9841;9880;9970;9990;9968;9978;9966;9899;9891;9908;9931;10002;9980
27027;Lourenz�;3379;3288;3148;2980;2931;2884;2849;2823;2779;2730;2700;2677;2629;2620;2569;2542;2506;2449;2399;2348;2338;2301;2259;2224;2181;2140
27030;Mondo�edo;6946;6481;5843;5398;5242;5139;5135;5051;4987;4909;4904;4863;4770;4701;4603;4508;4406;4299;4183;4074;3991;3876;3820;3722;3639;3568
27063;Valadouro, O;3155;3097;2815;2603;2524;2487;2445;2398;2371;2328;2305;2268;2233;2227;2210;2209;2185;2180;2123;2100;2069;2048;2016;2002;2004;1991
2706;A Mari�a Occidental;33671;35241;36052;28192;28081;28157;28136;28020;27853;27648;27516;27560;27428;27443;27660;27668;27454;27238;27140;26964;26729;26370;26122;25929;25792;25659
27013;Cervo;9639;11141;12750;5143;5086;5092;5082;5056;5016;5060;4978;4949;4847;4776;4724;4685;4595;4562;4483;4430;4369;4336;4295;4274;4227;4227
27038;Ourol;2626;2332;1959;1663;1638;1612;1577;1536;1465;1407;1365;1324;1301;1273;1259;1216;1175;1152;1142;1123;1090;1055;1034;1016;1018;1018
27064;Vicedo, O;2992;3012;2706;2564;2460;2423;2392;2341;2303;2228;2181;2146;2090;2086;2070;2011;1973;1921;1895;1898;1882;1820;1802;1747;1723;1675
27066;Viveiro;14807;14954;15098;15209;15298;15425;15456;15455;15444;15379;15389;15505;15576;15706;16052;16238;16211;16107;16108;16016;15932;15735;15615;15550;15510;15466
27025;Xove;3607;3802;3539;3613;3599;3605;3629;3632;3625;3574;3603;3636;3614;3602;3555;3518;3500;3496;3512;3497;3456;3424;3376;3342;3314;3273
2707;A Mari�a Oriental;19894;19413;18522;17732;17662;17618;17555;17479;17397;17287;17225;17268;17405;17372;17460;17511;17322;17231;17126;16893;16741;16598;16477;16357;16245;16170
27005;Barreiros;4138;4076;3801;3574;3536;3493;3446;3370;3357;3323;3278;3294;3291;3246;3252;3244;3203;3166;3124;3061;2994;3021;2970;2948;2941;2934
27048;Pontenova, A;4301;4127;3781;3528;3484;3426;3389;3358;3261;3199;3125;3063;3016;2971;2918;2892;2785;2732;2673;2610;2534;2470;2402;2330;2283;2264
27051;Ribadeo;9119;8973;8894;8813;8872;8953;9034;9110;9163;9186;9270;9407;9619;9704;9854;9983;9988;10023;10061;9994;10010;9929;9972;9962;9900;9854
27061;Trabada;2336;2237;2046;1817;1770;1746;1686;1641;1616;1579;1552;1504;1479;1451;1436;1392;1346;1310;1268;1228;1203;1178;1133;1117;1121;1118
2708;Meira;8974;8501;7671;7181;7043;6948;6835;6706;6560;6417;6324;6214;6124;6032;5974;5874;5748;5698;5638;5552;5447;5425;5335;5231;5125;5124
27029;Meira;2004;2015;1874;1837;1828;1849;1852;1834;1816;1806;1789;1780;1774;1794;1822;1800;1787;1780;1775;1769;1731;1749;1747;1726;1711;1725
27046;Pol;2878;2720;2456;2312;2258;2205;2177;2126;2072;2022;1999;1980;1945;1913;1870;1865;1797;1798;1794;1757;1738;1732;1696;1663;1616;1609
27053;Ribeira de Piqu�n;1377;1247;1084;986;939;914;886;872;842;827;810;785;771;742;723;687;664;654;630;609;583;580;570;554;543;528
27054;Riotorto;2715;2519;2257;2046;2018;1980;1920;1874;1830;1762;1726;1669;1634;1583;1559;1522;1500;1466;1439;1417;1395;1364;1322;1288;1255;1262
2709;Quiroga;10197;10447;8763;7994;7656;7582;7398;7245;7125;6982;6861;6800;6590;6441;6337;6206;6097;6020;5813;5721;5618;5514;5406;5333;5245;5178
27017;Folgoso do Courel;2457;2667;1924;1704;1669;1628;1593;1549;1510;1448;1397;1346;1310;1284;1274;1233;1196;1211;1160;1136;1106;1089;1060;1025;1018;1024
27050;Quiroga;5813;5754;5150;4702;4458;4458;4342;4255;4209;4124;4129;4144;4035;3939;3894;3829;3766;3711;3595;3552;3501;3424;3354;3328;3257;3207
27052;Ribas de Sil;1927;2026;1689;1588;1529;1496;1463;1441;1406;1410;1335;1310;1245;1218;1169;1144;1135;1098;1058;1033;1011;1001;992;980;970;947
2710;Sarria;30738;30570;27932;27297;26824;26682;26578;26427;26175;25881;25683;25485;25406;25279;25091;24904;24697;24511;24170;23914;23720;23466;23194;22994;22735;22569
27024;Incio, O;4155;3657;2920;2722;2674;2605;2540;2503;2455;2406;2358;2297;2236;2185;2113;2087;2016;1956;1875;1822;1797;1777;1740;1667;1609;1570
27026;L�ncara;4270;4185;3588;3455;3377;3342;3331;3260;3235;3146;3136;3091;3047;3083;3041;2992;2930;2908;2866;2839;2789;2764;2702;2696;2637;2605
27042;Paradela;3393;3386;3226;2867;2752;2728;2655;2603;2552;2463;2408;2367;2307;2240;2193;2143;2091;2068;2038;2004;1967;1934;1887;1851;1820;1779
27043;P�ramo, O;2429;2239;2106;2018;1934;1919;1938;1933;1925;1873;1887;1858;1823;1770;1733;1686;1632;1603;1555;1520;1484;1474;1456;1420;1388;1366
27055;Samos;3242;3118;2413;2242;2203;2177;2157;2125;2073;1999;1923;1897;1820;1768;1743;1707;1646;1614;1556;1502;1458;1425;1392;1343;1293;1278
27057;Sarria;12101;12808;12611;13023;12942;12972;13018;13084;13053;13142;13132;13155;13352;13422;13476;13508;13611;13590;13524;13488;13504;13393;13337;13359;13345;13330
27062;Triacastela;1148;1177;1068;970;942;939;939;919;882;852;839;820;821;811;792;781;771;772;756;739;721;699;680;658;643;641
2711;Terra Ch�;58088;56928;53216;50425;49636;49560;49268;48801;48168;47697;47210;46688;46340;45939;45623;45272;44642;44081;43573;42912;42336;41860;41290;40770;40336;39935
27001;Abad�n;4885;4799;4100;3647;3582;3531;3516;3432;3342;3326;3256;3201;3141;3065;2988;2896;2858;2811;2760;2721;2646;2612;2559;2490;2428;2367
27007;Begonte;4753;4757;4606;4084;3903;3873;3818;3796;3748;3684;3682;3616;3587;3550;3538;3475;3413;3379;3322;3231;3179;3160;3115;3071;3037;3026
27010;Castro de Rei;6290;6207;5879;5833;5778;5952;5961;5963;5966;5902;5856;5779;5785;5744;5725;5685;5566;5474;5422;5267;5226;5153;5057;5013;5011;5052
27015;Cospeito;7002;7038;6474;6122;6045;5971;5931;5842;5706;5609;5548;5500;5409;5349;5275;5231;5170;5088;5047;4954;4892;4827;4754;4665;4596;4484
27022;Guitiriz;7633;7432;6984;6589;6473;6451;6358;6323;6249;6131;6086;6041;5972;5974;5907;5896;5821;5727;5658;5603;5564;5520;5495;5512;5505;5484
27033;Muras;2228;2016;1437;1218;1186;1184;1151;1112;1067;1020;978;941;926;891;860;830;787;784;754;723;696;684;668;648;636;642
27044;Pastoriza, A;5050;4923;4492;4197;4177;4143;4106;4020;3975;3911;3856;3787;3726;3690;3631;3566;3496;3437;3393;3362;3309;3274;3212;3133;3056;3002
27065;Vilalba;16640;16319;16110;15797;15645;15658;15699;15623;15520;15598;15484;15409;15455;15358;15406;15437;15327;15202;15116;14980;14788;14645;14487;14354;14226;14072
27021;Xermade;3607;3437;3134;2938;2847;2797;2728;2690;2595;2516;2464;2414;2339;2318;2293;2256;2204;2179;2101;2071;2036;1985;1943;1884;1841;1806
2712;Terra de Lemos;45775;44649;39669;36691;36960;36721;36164;36089;35749;35340;34848;34641;34270;33839;33786;33549;33351;33133;32813;32333;31876;31530;31132;30754;30370;30151
27008;B�veda;3258;2547;2345;2185;2141;2087;2048;2008;1974;1900;1866;1824;1767;1737;1719;1669;1650;1624;1589;1570;1571;1545;1537;1527;1503;1481
27031;Monforte de Lemos;20257;20506;20318;19180;19933;20007;19712;19870;19817;19710;19445;19472;19412;19311;19486;19546;19638;19622;19604;19426;19201;19061;18922;18783;18599;18433
27041;Pant�n;6068;5788;4062;3737;3637;3604;3540;3469;3377;3249;3209;3178;3147;3073;3032;2978;2938;2936;2860;2772;2708;2674;2620;2565;2539;2542
27047;Pobra do Broll�n, A;3341;3540;3272;2885;2753;2675;2648;2609;2572;2482;2425;2369;2291;2201;2162;2105;2066;2027;1968;1894;1830;1794;1752;1709;1685;1648
27058;Savi�ao, O;7575;7250;5883;5373;5246;5163;5104;5056;5000;5014;4915;4826;4758;4681;4638;4570;4460;4408;4314;4202;4113;4056;3926;3832;3743;3735
27059;Sober;5276;5018;3789;3331;3250;3185;3112;3077;3009;2985;2988;2972;2895;2836;2749;2681;2599;2516;2478;2469;2453;2400;2375;2338;2301;2312
2713;A Ulloa;15448;15454;12912;11990;11527;11398;11366;11189;11107;10912;10786;10635;10472;10337;10269;10326;10156;10050;9844;9672;9532;9475;9375;9226;9089;8980
27003;Antas de Ulla;4287;4178;3319;2969;2856;2800;2769;2733;2719;2676;2640;2602;2573;2549;2499;2407;2346;2275;2219;2171;2152;2109;2080;2059;2008;1976
27032;Monterroso;4763;5050;4577;4484;4285;4265;4267;4238;4253;4229;4237;4209;4140;4121;4088;4241;4167;4032;3969;3888;3779;3778;3741;3678;3667;3616
27040;Palas de Rei;6398;6226;5016;4537;4386;4333;4330;4218;4135;4007;3909;3824;3759;3667;3682;3678;3643;3743;3656;3613;3601;3588;3554;3489;3414;3388
;Ourense;430159;429382;353491;346913;344170;345620;345241;344623;343768;342213;340258;339555;338671;336926;336099;335642;335219;333257;330257;326724;322293;318391;314853;311680;309293;307651
3201;Allariz-Maceda;21382;22614;17286;16000;15696;15664;15675;15633;15447;15301;15210;15120;15031;15015;15156;15154;15155;15151;15060;14835;14637;14466;14268;14181;14089;14083
32001;Allariz;5530;6173;5323;5178;5107;5151;5158;5173;5151;5216;5313;5351;5433;5506;5690;5821;5910;5985;6059;6056;6060;6049;5982;6026;6110;6188
32007;Ba�os de Molgas;3647;4421;3169;2292;2258;2235;2222;2191;2157;2088;2038;2014;1970;1922;1902;1846;1807;1825;1774;1727;1675;1658;1648;1623;1547;1519
32043;Maceda;5467;4862;3400;3467;3366;3399;3387;3388;3346;3307;3262;3218;3162;3146;3143;3139;3153;3129;3112;3025;2978;2957;2938;2924;2890;2872
32055;Paderne de Allariz;2218;2259;1820;1781;1756;1712;1714;1687;1674;1643;1630;1619;1602;1605;1618;1597;1604;1601;1574;1545;1515;1486;1439;1414;1383;1384
32036;Xunqueira de Amb�a;3031;3404;2358;2150;2103;2073;2097;2095;2032;1997;1934;1901;1863;1834;1823;1789;1733;1697;1649;1620;1546;1498;1461;1438;1418;1375
32037;Xunqueira de Espadanedo;1489;1495;1216;1132;1106;1094;1097;1099;1087;1050;1033;1017;1001;1002;980;962;948;914;892;862;863;818;800;756;741;745
3202;Baixa Limia;19112;19244;11580;10623;10275;10200;10095;9925;9799;9539;9416;9245;9051;9014;8762;8579;8519;8421;8212;7930;7636;7409;7126;6936;6782;6676
32006;Bande;3882;4235;2818;2798;2679;2660;2602;2541;2444;2332;2326;2285;2217;2292;2183;2116;2083;2020;1958;1890;1829;1735;1668;1618;1591;1528
32030;Entrimo;2777;2657;1696;1523;1510;1478;1474;1463;1424;1386;1370;1377;1352;1390;1406;1367;1372;1398;1391;1311;1323;1251;1209;1184;1166;1140
32041;Lobeira;3060;3122;1468;1298;1249;1261;1286;1264;1247;1225;1188;1160;1117;1089;1027;1016;994;983;909;855;837;813;809;825;807;798
32042;Lobios;5102;5029;3266;2797;2715;2718;2691;2658;2670;2584;2547;2420;2361;2321;2258;2259;2246;2238;2175;2130;2025;1988;1868;1795;1732;1708
32051;Mu��os;4291;4201;2332;2207;2122;2083;2042;1999;2014;2012;1985;2003;2004;1922;1888;1821;1824;1782;1779;1744;1622;1622;1572;1514;1486;1502
3203;O Carballi�o;38646;39153;31469;31200;30566;30480;30446;30074;30050;29982;29813;29852;29874;29759;29794;29648;29407;29240;28891;28588;27979;27512;27108;26765;26576;26549
32011;Beariz;1460;2017;1883;1735;1671;1674;1704;1542;1503;1477;1404;1397;1372;1360;1360;1319;1285;1278;1205;1136;1112;1016;1003;982;973;971
32013;Bobor�s;5113;5175;3888;3712;3560;3485;3462;3330;3335;3286;3214;3200;3149;3057;3047;3001;2942;2936;2862;2737;2617;2510;2443;2375;2299;2285
32019;Carballi�o, O;11039;11551;11134;12146;12170;12363;12434;12526;12733;13076;13226;13465;13716;13838;13983;14114;14136;14145;14246;14355;14123;13999;13913;13854;13939;14027
32035;Irixo, O;4350;3938;2547;2284;2259;2216;2185;2170;2133;2092;2033;2014;1971;1903;1876;1828;1777;1740;1689;1685;1637;1600;1546;1519;1477;1466
32045;Maside;5160;5117;3648;3473;3364;3345;3297;3254;3206;3157;3121;3077;3064;3056;3087;3096;3062;3058;2969;2920;2906;2879;2818;2797;2767;2705
32061;Pi�or;2293;2226;1854;1722;1641;1627;1620;1575;1560;1527;1505;1476;1469;1444;1430;1401;1386;1362;1322;1280;1237;1232;1212;1172;1140;1176
32065;Punx�n;1281;1278;1054;1025;985;965;978;978;974;956;945;942;930;907;891;861;840;825;801;776;749;760;729;713;699;693
32074;San Amaro;2592;2607;1647;1656;1603;1561;1534;1501;1462;1385;1371;1355;1326;1355;1335;1289;1287;1262;1237;1202;1180;1170;1141;1112;1091;1089
32076;San Cristovo de Cea;5358;5244;3814;3447;3313;3244;3232;3198;3144;3026;2994;2926;2877;2839;2785;2739;2692;2634;2560;2497;2418;2346;2303;2241;2191;2137
3204;A Limia;41480;41329;29094;26055;25365;25277;25232;25218;24984;24573;24406;24266;24172;23918;23799;23614;23375;23252;22823;22391;21964;21525;21111;20658;20340;20075
32005;Baltar;4018;3064;1867;1361;1332;1304;1282;1245;1236;1189;1180;1177;1149;1126;1169;1144;1114;1094;1076;1028;1019;1002;986;957;968;962
32012;Blancos, Os;2216;2234;1272;1269;1243;1354;1322;1270;1213;1148;1138;1104;1089;1086;1056;1030;997;1007;974;908;885;878;850;812;809;766
32016;Calvos de Rand�n;2074;2246;2044;1394;1346;1292;1256;1258;1246;1242;1212;1195;1167;1110;1102;1093;1065;1176;1064;1028;985;922;856;818;779;770
32062;Porqueira;1952;1977;1311;1229;1196;1178;1192;1159;1168;1151;1130;1102;1103;1136;1136;1103;1079;1043;1005;961;931;901;859;848;830;815
32067;Rairiz de Veiga;4114;4329;2368;2001;1952;1932;1895;1869;1834;1767;1788;1780;1759;1732;1720;1697;1673;1622;1568;1527;1456;1430;1394;1330;1282;1266
32077;Sandi�s;2481;2631;1944;1749;1691;1727;1712;1687;1665;1618;1585;1554;1528;1525;1498;1466;1416;1391;1342;1316;1297;1307;1286;1261;1213;1206
32078;Sarreaus;4269;4083;2684;2099;2023;1944;1917;1897;1876;1845;1800;1800;1755;1680;1629;1587;1552;1486;1408;1365;1313;1283;1259;1220;1189;1162
32082;Trasmiras;3893;4064;2306;1914;1874;1916;1940;1922;1880;1828;1786;1778;1763;1724;1723;1656;1619;1560;1534;1500;1456;1410;1365;1327;1288;1286
32089;Vilar de Barrio;3952;4330;2633;2265;2158;2091;2084;2059;2023;1963;1914;1835;1835;1775;1736;1686;1645;1602;1572;1528;1500;1455;1394;1360;1317;1307
32090;Vilar de Santos;1967;1912;1495;1058;1039;1028;1033;1016;1001;1001;1004;1011;1025;1002;997;991;970;942;922;923;922;894;858;850;829;820
32032;Xinzo de Limia;10544;10459;9170;9716;9511;9511;9599;9836;9842;9821;9869;9930;9999;10022;10033;10161;10245;10329;10358;10307;10200;10043;10004;9875;9836;9715
3205;Ourense;132201;138984;134255;139189;140219;141978;142130;143142;143479;144173;143961;144282;144817;144236;144370;145424;146626;146165;146135;146190;145563;144810;144372;144011;144004;143851
32002;Amoeiro;2593;2660;2329;2291;2264;2260;2293;2318;2330;2276;2322;2356;2371;2334;2318;2327;2300;2297;2278;2257;2274;2245;2264;2231;2265;2280
32008;Barbad�s;3682;4184;3851;5239;5576;5929;6286;6712;6908;7193;7597;7939;8426;8685;8890;9177;9468;9731;10064;10228;10371;10463;10638;10791;10951;11037
32026;Coles;3369;3492;3226;3082;3064;3063;3162;3200;3206;3201;3252;3263;3285;3257;3256;3214;3217;3199;3216;3171;3150;3168;3126;3077;3049;3050
32031;Esgos;2717;2649;1468;1438;1376;1350;1339;1317;1304;1318;1304;1312;1283;1259;1226;1234;1212;1194;1180;1208;1216;1220;1194;1154;1134;1116
32052;Nogueira de Ramu�n;3514;3464;2802;2713;2676;2651;2667;2621;2566;2565;2561;2551;2500;2475;2452;2435;2432;2381;2336;2271;2198;2124;2075;2033;2011;1998
32054;Ourense;94346;100143;102758;107060;107965;109120;108647;109051;109011;109475;108600;108358;108137;107186;107057;107742;108673;108002;107597;107542;106905;106231;105893;105636;105505;105233
32058;Pereiro de Aguiar;6121;6364;4711;4718;4673;4847;4892;5120;5327;5326;5391;5487;5647;5934;6049;6135;6134;6184;6306;6326;6350;6319;6255;6228;6254;6275
32059;Peroxa, A;4227;3498;2871;2677;2599;2619;2590;2571;2561;2521;2502;2438;2406;2345;2347;2303;2227;2179;2085;2030;1999;2038;1948;1902;1871;1819
32075;San Cibrao das Vi�as;3303;3570;3322;3310;3423;3553;3614;3634;3691;3840;3867;3973;4103;4151;4200;4310;4441;4579;4745;4906;4972;5036;5113;5184;5249;5405
32079;Taboadela;2494;3156;1871;1756;1746;1716;1755;1759;1744;1701;1691;1690;1712;1680;1690;1697;1691;1652;1642;1603;1561;1514;1475;1458;1443;1429
32081;To�n;3474;3416;2760;2636;2597;2599;2623;2579;2578;2521;2573;2594;2627;2649;2631;2635;2656;2605;2567;2527;2511;2426;2395;2377;2368;2355
32087;Vilamar�n;2361;2388;2286;2269;2260;2271;2262;2260;2253;2236;2301;2321;2320;2281;2254;2215;2175;2162;2119;2121;2056;2026;1996;1940;1904;1854
3206;O Ribeiro;31382;30959;24655;21489;21002;20966;20917;20546;20473;20396;20258;20154;19801;19655;19582;19293;19072;18861;18369;17808;17195;16817;16547;16336;15985;15808
32003;Arnoia, A;1339;1302;1096;1209;1148;1215;1211;1241;1255;1233;1247;1220;1184;1171;1147;1103;1091;1084;1051;1048;1040;1040;1002;1013;995;1000
32004;Avi�n;4120;4574;3549;3001;2953;2959;2984;2812;2822;2881;2804;2780;2730;2693;2664;2610;2561;2528;2408;2323;2053;1962;1910;1860;1806;1795
32010;Beade;1204;1230;885;608;585;585;614;606;607;576;578;559;553;557;525;521;515;515;500;465;464;451;427;411;404;397
32018;Carballeda de Avia;2822;2485;1888;1792;1754;1715;1685;1655;1600;1596;1601;1591;1551;1600;1607;1546;1523;1504;1487;1438;1390;1400;1381;1356;1317;1286
32022;Castrelo de Mi�o;5508;5327;3605;2121;2099;2108;2153;2121;2095;2052;2044;2036;2008;1997;1981;1928;1870;1814;1754;1675;1620;1556;1490;1445;1380;1349
32025;Cenlle;2342;2277;1917;1833;1744;1713;1673;1626;1642;1601;1575;1560;1542;1513;1466;1431;1396;1357;1331;1278;1235;1189;1196;1176;1140;1120
32027;Cortegada;2210;2177;1605;1484;1468;1444;1441;1462;1467;1420;1407;1401;1385;1328;1367;1344;1330;1326;1277;1231;1191;1184;1151;1125;1105;1085
32040;Leiro;2488;2556;2240;2100;2052;2053;2046;2014;2005;1967;1940;1931;1893;1860;1830;1793;1833;1799;1763;1724;1675;1630;1642;1601;1583;1568
32046;Mel�n;2299;2195;1784;1691;1631;1618;1601;1568;1533;1530;1552;1582;1554;1546;1504;1498;1463;1475;1479;1396;1340;1293;1280;1254;1227;1184
32069;Ribadavia;7050;6836;6086;5650;5568;5556;5509;5441;5447;5540;5510;5494;5401;5390;5491;5519;5490;5459;5319;5230;5187;5112;5068;5095;5028;5024
3207;Terra de Caldelas;9794;9123;5465;5019;4887;4753;4710;4647;4543;4410;4298;4203;4102;4029;3902;3746;3650;3544;3443;3314;3223;3141;3064;2990;2842;2789
32023;Castro Caldelas;3430;3209;2111;2028;2001;1935;1919;1909;1895;1863;1833;1769;1714;1687;1629;1594;1572;1533;1486;1412;1376;1351;1313;1298;1224;1224
32049;Montederramo;2047;1810;1523;1384;1367;1313;1285;1266;1221;1188;1130;1137;1109;1072;1039;990;961;935;894;854;822;807;791;760;722;711
32057;Parada de Sil;2287;2078;1088;980;895;894;909;896;858;808;788;761;750;752;729;683;670;648;648;642;634;605;592;593;564;538
32080;Teixeira, A;2030;2026;743;627;624;611;597;576;569;551;547;536;529;518;505;479;447;428;415;406;391;378;368;339;332;316
3208;Terra de Celanova;38907;35607;24889;23800;23382;23205;23171;22894;22617;22215;22053;21963;21700;21636;21474;21173;20812;20623;20057;19324;18749;18367;17960;17620;17433;17497
32014;Bola, A;2248;2307;1772;1648;1621;1599;1566;1567;1542;1540;1549;1525;1517;1497;1507;1486;1463;1436;1398;1361;1350;1339;1270;1251;1199;1156
32020;Cartelle;5512;5746;4125;4073;4055;3981;3927;3857;3773;3641;3565;3552;3507;3487;3436;3387;3344;3299;3163;3037;2944;2852;2757;2683;2643;2642
32024;Celanova;8053;7330;5983;6065;5959;5959;5960;5964;6012;6071;6079;6150;6137;6104;6075;6020;5949;5906;5809;5638;5615;5536;5508;5455;5533;5649
32033;Gomesende;2365;2241;1433;1271;1218;1211;1205;1160;1137;1105;1118;1101;1078;1060;1048;1018;968;946;914;895;833;829;798;778;750;732
32047;Merca, A;5054;4235;2747;2458;2441;2444;2426;2421;2404;2373;2341;2312;2323;2269;2268;2254;2244;2212;2197;2119;2078;2021;1976;1924;1911;1913
32056;Padrenda;5041;5049;2919;2843;2745;2707;2836;2743;2629;2530;2479;2474;2383;2405;2405;2367;2297;2355;2244;2135;1951;1912;1893;1838;1759;1748
32064;Pontedeva;868;904;862;807;751;723;708;688;684;664;647;626;621;723;704;680;661;667;654;644;625;600;588;570;554;511
32066;Quintela de Leirado;1463;1466;1047;1030;1014;981;950;929;907;851;831;814;795;801;754;754;751;724;716;671;651;629;616;615;611;619
32068;Ramir�s;5132;3439;2156;2100;2100;2085;2077;2082;2079;2053;2046;2054;2024;2018;1989;1938;1897;1856;1812;1712;1643;1607;1571;1550;1540;1584
32084;Verea;3171;2890;1845;1505;1478;1515;1516;1483;1450;1387;1398;1355;1315;1272;1288;1269;1238;1222;1150;1112;1059;1042;983;956;933;943
3209;Terra de Trives;11240;9020;7193;6582;6341;6276;6102;5963;5825;5657;5565;5473;5374;5218;5116;5015;4878;4789;4660;4507;4430;4348;4227;4111;4023;3924
32029;Chandrexa de Queixa;1226;1317;1100;984;928;928;897;884;865;854;830;807;766;719;700;679;639;619;586;560;545;528;506;494;466;456
32044;Manzaneda;1954;1943;1620;1417;1343;1308;1264;1242;1204;1156;1150;1113;1098;1069;1057;1028;994;1006;1001;971;973;975;947;906;890;870
32063;Pobra de Trives, A;5305;4034;3110;3044;2986;2977;2911;2837;2807;2734;2721;2686;2664;2619;2564;2549;2511;2456;2388;2319;2280;2245;2191;2150;2118;2067
32070;San Xo�n de R�o;2755;1726;1363;1137;1084;1063;1030;1000;949;913;864;867;846;811;795;759;734;708;685;657;632;600;583;561;549;531
3210;Valdeorras;34404;33597;28688;28731;28736;29021;29052;29126;29321;29218;29024;28984;28852;28740;28556;28504;28217;27999;27724;27369;27000;26762;26531;26134;25755;25500
32009;Barco de Valdeorras, O;9242;10172;10495;11828;12157;12596;12767;13002;13295;13507;13518;13700;13800;13943;14040;14213;14134;14123;14052;14010;13899;13785;13761;13581;13463;13395
32015;Bolo, O;3151;3089;1918;1655;1549;1509;1432;1374;1345;1326;1286;1246;1223;1187;1174;1139;1117;1117;1084;1060;1013;988;963;938;917;884
32017;Carballeda de Valdeorras;3344;3333;2697;2397;2341;2354;2313;2257;2212;2155;2080;2041;2010;1947;1906;1870;1866;1819;1773;1727;1697;1698;1664;1623;1574;1545
32038;Larouco;1102;898;693;634;625;626;617;610;584;570;570;569;571;624;608;581;584;557;557;557;544;526;487;472;455;429
32060;Pet�n;1817;1495;1312;1187;1181;1156;1139;1134;1125;1099;1095;1088;1073;1066;1042;1030;1032;1008;982;986;961;953;957;921;889;861
32072;R�a, A;6060;5179;5051;5018;5009;4951;5008;5056;5139;5027;5000;4996;4978;4905;4844;4816;4754;4719;4695;4685;4634;4595;4530;4459;4359;4314
32073;Rubi�;3049;3031;2220;1937;1887;1857;1828;1796;1767;1716;1685;1663;1638;1617;1590;1585;1583;1561;1557;1518;1494;1473;1448;1462;1448;1393
32083;Veiga, A;3513;3305;1748;1538;1473;1445;1446;1408;1387;1341;1318;1273;1238;1204;1130;1106;1075;1048;1036;1000;965;946;923;907;904;889
32088;Vilamart�n de Valdeorras;3126;3095;2554;2537;2514;2527;2502;2489;2467;2477;2472;2408;2321;2247;2222;2164;2072;2047;1988;1826;1793;1798;1798;1771;1746;1790
3211;Ver�n;39275;37689;29423;29497;29161;29418;29495;29450;29439;29116;28811;28697;28672;28548;28541;28461;28596;28410;28261;27968;27555;27081;26556;26022;25653;25217
32021;Castrelo do Val;2455;1996;1463;1327;1308;1312;1336;1316;1298;1263;1239;1247;1234;1242;1240;1241;1199;1177;1169;1138;1109;1079;1067;1028;1001;984
32028;Cualedro;5642;5849;2658;2542;2475;2469;2457;2452;2405;2316;2286;2234;2161;2148;2092;2049;2041;1993;1924;1876;1808;1840;1792;1721;1700;1679
32039;Laza;3034;2830;2366;2194;2112;2059;2027;1965;1927;1826;1800;1762;1730;1683;1627;1597;1570;1561;1541;1487;1449;1424;1377;1331;1287;1228
32050;Monterrei;5005;5013;3721;3563;3465;3461;3425;3386;3364;3246;3187;3128;3098;3094;3067;3036;3002;2973;2924;2875;2809;2758;2713;2655;2602;2529
32053;O�mbra;2148;2165;2095;2054;2002;2044;2021;2009;2015;1991;1984;1963;1941;1957;1923;1916;2032;2045;2062;2019;2020;2020;1894;1818;1766;1712
32071;Ri�s;5008;5093;2577;2467;2364;2328;2265;2208;2132;2123;2097;2088;2064;2003;1973;1907;1863;1846;1803;1751;1684;1683;1646;1609;1568;1516
32085;Ver�n;10051;11044;11279;12271;12441;12765;13033;13246;13475;13658;13585;13706;13944;13991;14237;14391;14633;14633;14707;14760;14652;14107;14031;13889;13817;13723
32091;Vilardev�s;5932;3699;3264;3079;2994;2980;2931;2868;2823;2693;2633;2569;2500;2430;2382;2324;2256;2182;2131;2062;2024;2170;2036;1971;1912;1846
3212;Viana;12336;12063;9494;8728;8540;8382;8216;8005;7791;7633;7443;7316;7225;7158;7047;7031;6912;6802;6622;6500;6362;6153;5983;5916;5811;5682
32034;Gudi�a, A;2605;2606;2037;1866;1826;1778;1724;1708;1657;1651;1625;1623;1596;1583;1586;1584;1562;1554;1506;1508;1461;1392;1345;1360;1308;1254
32048;Mezquita, A;2098;2006;1849;1596;1581;1553;1549;1521;1510;1468;1406;1387;1385;1406;1383;1365;1352;1328;1304;1169;1155;1109;1070;1034;1039;1023
32086;Viana do Bolo;6411;6193;4672;4389;4286;4202;4089;3961;3826;3743;3663;3575;3517;3442;3368;3382;3323;3247;3180;3163;3113;3037;2982;2964;2929;2886
32092;Vilari�o de Conso;1222;1258;936;877;847;849;854;815;798;771;749;731;727;727;710;700;675;673;632;660;633;615;586;558;535;519
;Pontevedra;883267;900414;896847;915104;906298;908803;912621;916176;919934;927555;930931;938311;943117;947639;953400;959764;962472;963511;958428;955050;950919;947374;944346;942731;941772;942665
3601;O Baixo Mi�o;44110;46511;44493;45424;45090;45214;45611;45949;46426;46789;47145;48042;48923;49516;50012;50799;51062;51116;51096;50630;50402;50282;49998;49828;49646;49464
36023;Guarda, A;9548;10057;10091;9921;9919;9919;10000;9936;10032;10131;10162;10209;10254;10356;10404;10425;10472;10484;10453;10438;10314;10193;10133;10051;10013;9977
36036;Oia;3095;3272;3160;3156;2956;2956;2925;2921;2906;2903;2912;3038;3140;3159;3192;3227;3197;3179;3101;3094;3042;3008;3002;3004;3018;3053
36048;Rosal, O;5788;5937;5777;5866;5807;5807;5846;5892;5933;5942;5992;6183;6326;6402;6462;6570;6595;6613;6574;6531;6455;6406;6349;6328;6249;6234
36054;Tomi�o;10603;11056;10223;10478;10652;10705;10901;11111;11334;11487;11776;11932;12278;12651;12982;13315;13492;13604;13738;13740;13707;13662;13548;13585;13464;13499
36055;Tui;15076;16189;15242;16003;15756;15827;15939;16089;16221;16326;16303;16680;16925;16948;16972;17262;17306;17236;17230;16827;16884;17013;16966;16860;16902;16701
3602;Caldas;36713;37903;36168;35831;35514;35456;35489;35397;35248;35214;35120;35208;35163;35108;35282;35407;35411;35322;35154;34958;34757;34623;34456;34197;34067;33837
36005;Caldas de Reis;8889;9254;9176;9307;9369;9405;9441;9453;9444;9532;9522;9673;9730;9796;9975;10036;10045;10060;10008;10019;9895;9834;9830;9825;9860;9785
36010;Catoira;3732;3688;3653;3612;3541;3528;3507;3537;3522;3501;3510;3502;3482;3480;3485;3473;3469;3489;3484;3421;3402;3368;3376;3337;3349;3335
36015;Cuntis;6361;6686;6080;5834;5733;5637;5660;5611;5573;5491;5443;5340;5267;5184;5172;5133;5115;5066;4992;4913;4931;4878;4794;4750;4710;4677
36032;Mora�a;5178;5219;4870;4524;4402;4402;4327;4316;4291;4287;4281;4313;4274;4309;4349;4411;4434;4398;4402;4400;4362;4358;4313;4246;4200;4179
36044;Pontecesures;2786;2772;2794;2881;2963;2981;2984;2973;3026;3062;3028;3101;3120;3139;3116;3145;3143;3136;3123;3113;3092;3062;3040;3037;3037;3052
36040;Portas;3587;3755;3326;3231;3218;3215;3260;3232;3219;3167;3176;3171;3174;3129;3089;3089;3078;3070;3073;3033;3025;3061;3056;3016;2984;2940
36056;Valga;6180;6529;6269;6442;6288;6288;6310;6275;6173;6174;6160;6108;6116;6071;6096;6120;6127;6103;6072;6059;6050;6062;6047;5986;5927;5869
3603;O Condado;39220;41091;37369;38154;37302;37967;37795;37998;38438;39201;39532;40192;41065;41714;42425;42916;43135;43318;42917;42790;42286;41992;41828;41693;41551;41621
36030;Mondariz;7200;7236;6723;6347;5915;5915;5571;5480;5370;5373;5320;5343;5354;5320;5328;5259;5200;5081;4841;4800;4742;4665;4647;4548;4496;4440
36031;Mondariz-Balneario;671;631;629;636;635;634;651;659;658;693;704;719;740;755;736;726;734;730;690;656;682;652;614;627;618;644
36034;Neves, As;6179;6551;5371;5033;5027;5027;4750;4695;4695;4586;4440;4377;4473;4467;4471;4466;4429;4400;4300;4192;4121;4066;4038;3968;3892;3841
36042;Ponteareas;15908;17083;15731;17360;17136;17938;18322;18844;19475;20432;21049;21378;21993;22411;22750;23172;23316;23561;23409;23326;23115;22990;22963;22893;22854;22877
36050;Salvaterra de Mi�o;9262;9590;8915;8778;8589;8453;8501;8320;8240;8117;8019;8375;8505;8761;9140;9293;9456;9546;9677;9816;9626;9619;9566;9657;9691;9819
3604;Deza;50655;51818;50667;49697;47990;47795;47474;47314;47004;46361;45793;45328;45031;44870;45043;45041;44769;44355;42630;41849;41412;40792;40471;40310;40063;40014
36020;Agolada;4786;5012;5049;4915;4457;4457;4391;4292;4117;3875;3678;3414;3286;3216;3176;3094;2995;2926;2803;2745;2651;2585;2507;2431;2370;2344
36016;Doz�n;2730;2820;2800;2538;2279;2230;2174;2164;2095;2059;2030;1980;1947;1923;1864;1827;1781;1744;1328;1241;1209;1174;1107;1179;1110;1082
36024;Lal�n;18938;20193;20360;20515;20090;20196;20169;20266;20453;20648;20698;20732;20779;20867;21130;21254;21216;21127;20409;20048;20158;20005;20044;20075;20103;20218
36047;Rodeiro;4797;4774;4956;4578;4455;4396;4355;4309;4236;3734;3553;3385;3317;3261;3194;3143;3092;3034;2931;2844;2752;2700;2644;2567;2509;2437
36052;Silleda;10363;10459;10021;9527;9339;9297;9214;9175;9099;9092;9055;9097;9058;9053;9166;9248;9248;9199;9074;9037;8966;8772;8734;8669;8698;8687
36059;Vila de Cruces;9041;8560;7481;7624;7370;7219;7171;7108;7004;6953;6779;6720;6644;6550;6513;6475;6437;6325;6085;5934;5676;5556;5435;5389;5273;5246
3605;O Morrazo;75169;76090;76765;78248;78736;79102;79357;79817;80156;79790;81228;81895;82361;82314;82500;83062;83509;83669;83313;83340;83613;83347;83109;82711;82445;82269
36004;Bueu;12154;12371;12509;12599;12484;12517;12526;12548;12469;12342;12483;12528;12537;12440;12375;12331;12368;12348;12373;12375;12352;12251;12189;12145;12148;12009
36008;Cangas;21983;22297;22758;23231;23235;23413;23442;23756;24147;24458;24643;24849;25202;25402;25537;25748;25913;26121;26087;26173;26567;26520;26584;26490;26487;26542
36026;Mar�n;23178;23387;24045;24731;25344;25421;25482;25487;25461;24825;25706;26103;26190;25885;25879;25969;25997;25864;25562;25483;25329;25084;24878;24637;24362;24319
36029;Moa�a;17854;18035;17453;17687;17673;17751;17907;18026;18079;18165;18396;18415;18432;18587;18709;19014;19231;19336;19291;19309;19365;19492;19458;19439;19448;19399
3606;A Paradanta;25083;24009;21601;20275;18907;18809;18334;18118;17861;17370;17286;17120;16948;16796;16637;16411;16199;15970;14000;13497;13226;12945;12663;12531;12259;12168
36001;Arbo;5037;5308;5053;5019;4459;4459;4318;4255;4173;4121;4018;3973;3955;3887;3877;3833;3801;3741;3191;2967;2904;2846;2770;2711;2637;2580
36009;Ca�iza, A;8488;8536;8025;7695;7245;7176;6986;7022;6919;6719;6782;6747;6714;6696;6651;6583;6517;6461;5511;5416;5342;5230;5234;5233;5173;5180
36013;Covelo;6766;5757;4440;4501;4224;4112;4046;3968;3951;3751;3730;3652;3602;3515;3457;3399;3341;3235;2931;2800;2719;2617;2528;2505;2417;2396
36014;Crecente;4792;4408;4083;3060;2979;3062;2984;2873;2818;2779;2756;2748;2677;2698;2652;2596;2540;2533;2367;2314;2261;2252;2131;2082;2032;2012
3607;Pontevedra;107720;112069;113284;114714;113944;114145;115208;115571;116451;118008;118719;119981;121004;121275;122137;123135;123733;124356;124075;124132;124094;123639;123583;125278;125032;125120
36002;Barro;4096;3938;3633;3570;3540;3533;3538;3470;3444;3418;3380;3408;3402;3426;3498;3583;3642;3668;3724;3712;3705;3726;3746;3699;3716;3680
36007;Campo Lameiro;2847;2777;2662;2461;2384;2374;2307;2290;2256;2213;2178;2166;2132;2119;2113;2084;2046;2036;2009;1982;1962;1931;1894;1867;1806;1817
36902;Cerdedo-Cotobade;-;-;-;-;-;-;-;-;-;-;-;-;-;-;-;-;-;-;-;-;-;-;-;6107;5815;5699
36012;Cotobade;6227;6047;5520;5123;5012;4963;4786;4680;4629;4610;4644;4658;4608;4575;4517;4448;4427;4432;4394;4359;4327;4332;4290;-;-;-
36025;Lama, A;3982;4392;3304;2988;2956;2985;3047;2831;2882;2957;2905;3026;3022;2995;3014;3001;2966;2976;2918;2862;2763;2670;2587;2478;2430;2445
36041;Poio;12063;12953;13035;13683;13802;13843;14037;14291;14394;14588;14651;14889;15201;15456;15842;16043;16309;16501;16642;16767;16794;16842;16901;16871;17018;17082
36043;Ponte Caldelas;8203;8447;7833;6963;6648;6547;6501;6390;6292;6390;6393;6515;6513;6487;6469;6422;6371;6319;5739;5668;5625;5540;5573;5562;5491;5494
36038;Pontevedra;64184;67289;71491;74287;73871;74139;75212;75864;76798;77993;78715;79372;80096;80202;80749;81576;81981;82400;82684;82934;82946;82539;82549;82671;82802;83029
36058;Vilaboa;6118;6226;5806;5639;5731;5761;5780;5755;5756;5839;5853;5947;6030;6015;5935;5978;5991;6024;5965;5848;5972;6059;6043;6023;5954;5874
3608;O Saln�s;98923;102366;100210;103178;103456;103808;104139;104184;104480;105407;106214;107538;108685;109283;110233;110891;111763;111849;111541;111089;110534;110422;109937;109882;109715;109540
36006;Cambados;13109;13165;12668;12936;12918;13067;13240;13328;13438;13524;13564;13581;13562;13591;13620;13708;13872;13946;13898;13544;13399;13895;13977;13900;13814;13744
36022;Grove, O;10205;10592;10739;11035;10985;11049;11036;11061;11075;11135;11147;11218;11225;11226;11264;11250;11297;11241;11236;11096;10851;10801;10758;10746;10700;10650
36901;Illa de Arousa, A;-;-;-;4767;4828;4850;4948;4953;4885;4877;4874;4884;4849;4889;4928;4982;5000;5020;4981;5028;5006;4956;4909;4968;4958;4926
36027;Mea�o;6041;5962;5313;5504;5451;5419;5403;5398;5384;5469;5489;5478;5494;5479;5475;5465;5455;5444;5453;5421;5428;5382;5341;5318;5315;5272
36028;Meis;5378;5437;5102;5017;5001;5001;4973;4949;5009;5040;5004;5011;5001;4982;4977;5002;5003;4988;4992;5007;5033;5006;4844;4788;4776;4791
36046;Ribadumia;4351;4200;4013;4079;4205;4214;4221;4240;4182;4151;4238;4317;4529;4658;4781;4874;5028;5107;5166;5168;5103;5087;5105;5081;5069;5052
36051;Sanxenxo;14358;15387;15043;16034;15964;16022;16183;16203;16222;16312;16424;16598;16914;17077;17216;17315;17500;17586;17604;17582;17543;17391;17314;17241;17212;17347
36060;Vilagarc�a de Arousa;30199;31886;32170;33375;33724;33909;33832;33823;33907;34469;35053;35954;36519;36743;37329;37576;37926;37903;37621;37741;37712;37482;37283;37479;37519;37456
36061;Vilanova de Arousa;15282;15737;15162;10431;10380;10277;10303;10229;10378;10430;10421;10497;10592;10638;10643;10719;10682;10614;10590;10502;10459;10422;10406;10361;10352;10302
3609;Tabeir�s-Terra de Montes;39767;38476;32052;30564;30117;29815;29772;29588;29361;29379;29141;29011;28848;28738;28572;28389;28235;28100;27489;27149;26753;26536;26293;24223;24112;23867
36011;Cerdedo;4421;4483;3788;2771;2684;2592;2566;2523;2434;2313;2308;2333;2330;2402;2350;2290;2299;2297;1916;1865;1860;1828;1781;-;-;-
36017;Estrada, A;27322;25914;22391;22492;22369;22331;22317;22216;22125;22362;22217;22102;22013;21908;21886;21880;21828;21759;21657;21464;21197;21025;20891;20700;20661;20479
36018;Forcarei;8024;8079;5873;5301;5064;4892;4889;4849;4802;4704;4616;4576;4505;4428;4336;4219;4108;4044;3916;3820;3696;3683;3621;3523;3451;3388
3610;Vigo;365907;370081;384238;399019;395242;396692;399442;402240;404509;410036;410753;413996;415089;418025;420559;423713;424656;425456;426213;425616;423842;422796;422008;422078;422882;424765
36003;Baiona;10139;10332;10122;10499;10443;10659;10741;10873;11014;11153;11337;11521;11653;11839;11976;12091;12154;12258;12063;12035;12233;12072;12119;12169;12134;12122
36019;Fornelos de Montes;2540;2638;2478;2410;2343;2343;2271;2230;2181;2137;2092;2057;2042;2036;1991;1976;1966;2002;1906;1864;1784;1794;1748;1694;1640;1616
36021;Gondomar;10155;10275;10551;11147;11190;11327;11463;11631;11861;11987;12121;12685;12888;13371;13713;13841;13890;13973;13954;14005;14051;14056;14192;14233;14236;14286
36033;Mos;13108;13629;13435;13755;13704;13729;13793;13920;14033;14114;14214;13996;14283;14471;14504;14650;14818;14942;15267;15367;15324;15305;15240;15132;15142;15078
36035;Nigr�n;12362;14009;14182;15197;15422;15647;15905;16302;16684;16806;16894;17281;17631;17668;17869;18021;17909;17879;17840;17738;17715;17619;17593;17622;17723;17675
36037;Pazos de Borb�n;3801;3743;3500;3285;3202;3202;3111;3089;3070;3034;3161;3160;3179;3145;3178;3170;3159;3192;3170;3113;3075;3067;3004;2991;2980;2999
36039;Porri�o, O;13690;14730;15175;15749;15812;15823;16011;16076;16241;16511;16527;16576;16617;16745;17114;17475;17977;18075;18543;18908;18508;18898;19567;19600;19740;19848
36045;Redondela;27529;27609;28014;28893;28768;28943;29108;29090;29045;29415;29732;29863;30029;29987;30036;30001;30067;30006;30015;29918;29909;29697;29563;29392;29194;29218
36049;Salceda de Caselas;5713;5882;5713;6074;6009;6019;6144;6349;6543;6710;6835;7176;7402;7686;7938;8289;8448;8665;8835;8887;8890;8873;8914;9017;9146;9164
36053;Soutomaior;5539;5356;4959;5236;5239;5330;5369;5398;5513;5603;5781;5956;6110;6305;6537;6867;7144;7223;7265;7302;7356;7317;7251;7242;7305;7395
36057;Vigo;261331;261878;276109;286774;283110;283670;285526;287282;288324;292566;292059;293725;293255;294772;295703;297332;297124;297241;297355;296479;294997;294098;292817;292986;293642;295364
